<?xml version="1.0" encoding="UTF-8"?>
<project-private xmlns="http://www.netbeans.org/ns/project-private/1">
    <editor-bookmarks xmlns="http://www.netbeans.org/ns/editor-bookmarks/2" lastBookmarkId="0"/>
    <open-files xmlns="http://www.netbeans.org/ns/projectui-open-files/2">
        <group>
            <file>file:/C:/Users/VISION/Documents/NetBeansProjects/Reto5P50/src/Util/JDBCUtilities.java</file>
            <file>file:/C:/Users/VISION/Documents/NetBeansProjects/Reto5P50/src/Modelo/Requerimiento_2.java</file>
            <file>file:/C:/Users/VISION/Documents/NetBeansProjects/Reto5P50/src/Modelo/Requerimiento_1Dao.java</file>
            <file>file:/C:/Users/VISION/Documents/NetBeansProjects/Reto5P50/src/Vista/Consultas.java</file>
            <file>file:/C:/Users/VISION/Documents/NetBeansProjects/Reto5P50/src/Modelo/Requerimiento_2Dao.java</file>
            <file>file:/C:/Users/VISION/Documents/NetBeansProjects/Reto5P50/src/Vista/VistaRequerimientos.java</file>
            <file>file:/C:/Users/VISION/Documents/NetBeansProjects/Reto5P50/src/Modelo/Requerimiento_3.java</file>
            <file>file:/C:/Users/VISION/Documents/NetBeansProjects/Reto5P50/src/reto5p50/Reto5P50.java</file>
            <file>file:/C:/Users/VISION/Documents/NetBeansProjects/Reto5P50/src/Controlador/ControladorRequerimientos.java</file>
            <file>file:/C:/Users/VISION/Documents/NetBeansProjects/Reto5P50/src/Modelo/Requerimiento_1.java</file>
            <file>file:/C:/Users/VISION/Documents/NetBeansProjects/Reto5P50/src/Modelo/Requerimiento_3Dao.java</file>
        </group>
    </open-files>
</project-private>
